{
	"class_name" : "PinholeCameraParameters",
	"extrinsic" : 
	[
		0.97988741662979784,
		-0.17523689417981381,
		0.095460366900583488,
		0.0,
		-0.16564988738406222,
		-0.44756615071144379,
		0.8787745191725741,
		0.0,
		-0.11126888846496485,
		-0.87691309241882931,
		-0.46759241097799825,
		0.0,
		-2.2530437889973669,
		6.0987593124536579,
		22.232800231403697,
		1.0
	],
	"intrinsic" : 
	{
		"height" : 1009,
		"intrinsic_matrix" : 
		[
			873.8196324184986,
			0.0,
			0.0,
			0.0,
			873.8196324184986,
			0.0,
			959.5,
			504.0,
			1.0
		],
		"width" : 1920
	},
	"version_major" : 1,
	"version_minor" : 0
}